customer_id,customer_name,location,email
CUST0000,"Mcgrath, Barton and Carter",Lake Stephanie,andersoncarolyn@stephens-reyes.com
CUST0001,Rodriguez Group,West John,codybartlett@turner.info
CUST0002,Gates and Sons,Elizabethchester,rbaker@roth-sanchez.com
CUST0003,Mueller LLC,Lake Thomas,ericaguirre@lindsey.com
CUST0004,Ibarra-Gonzales,Tracyland,roberthill@nelson.info
CUST0005,Ball LLC,Jenniferfurt,jonathanhess@thompson.net
CUST0006,Morales-Banks,Goldenbury,thomasmullins@smith.com
CUST0007,"Hawkins, Campos and Booth",Port Nichole,williamsbrandon@lester-smith.com
CUST0008,Spencer-Williams,Sethtown,ldavis@anderson.com
CUST0009,Smith-Fernandez,Loriborough,richardgarcia@kramer-hernandez.net
CUST0010,Wells Inc,North David,lewisroberto@kerr.biz
CUST0011,Carter Group,West James,tyler02@ellis.org
CUST0012,Cole-Cervantes,Port Alexander,ypaul@cummings.com
CUST0013,Jensen-Bell,New Davidmouth,crystalavery@jackson.net
CUST0014,Mcdowell-Brooks,Nolanville,oforbes@sutton.info
CUST0015,Morris-West,Chasetown,ryan21@hartman-johnson.com
CUST0016,"Moore, Prince and Blankenship",North Angela,kelly07@schneider-smith.com
CUST0017,Huynh Group,West Mitchellview,stevenshaw@garcia.net
CUST0018,Serrano Inc,Daviston,brittany58@curry-bell.com
CUST0019,Harris-Matthews,Andrewmouth,gpena@vang.com
CUST0020,"Copeland, Torres and Morales",Port Derekchester,suzanne41@green.com
CUST0021,Romero Group,South Jamesville,mwalker@pena-cox.com
CUST0022,Chang-Love,Smithport,amber97@payne.com
CUST0023,James-Nichols,East Alexander,zyoung@stewart.com
CUST0024,Lopez and Sons,East Matthewfurt,mathiscourtney@perez-anderson.com
CUST0025,Atkinson Group,Connieview,wrodriguez@richardson-caldwell.com
CUST0026,"Erickson, Hughes and Craig",West Mariatown,omarhughes@rivera-harris.info
CUST0027,Barrett-Figueroa,Lake Christine,robert38@roberts.com
CUST0028,Neal-Kelley,Banksport,dalvarado@evans.com
CUST0029,"White, Grant and Flores",Harrisland,michael35@goodman.com
CUST0030,Tucker-Nelson,Lake Billyside,andrewhiggins@taylor.com
CUST0031,"Cole, Velasquez and Johnson",North Amber,oboyd@vega-williams.info
CUST0032,Arnold-Peters,Markside,hsimon@petty.net
CUST0033,Reed-Moody,South Sarahstad,raymondcooper@dickerson-reynolds.com
CUST0034,Allen Ltd,Tonifurt,ehines@williams-williams.biz
CUST0035,Mills Inc,Clarkmouth,stephanie84@williams.com
CUST0036,"Rose, Rivera and Cox",Caseyfurt,tyleradams@phelps.net
CUST0037,Kelley-Ramirez,South Melissa,deborahwright@smith.net
CUST0038,Potts-Huang,Lake Tyler,ryanstein@white.com
CUST0039,Thomas LLC,Brownshire,zcarroll@holmes-collier.com
CUST0040,"Humphrey, Mullins and Moore",Jasonstad,jake00@harris.biz
CUST0041,Rodriguez Inc,Port Karen,lindashaw@small-morris.com
CUST0042,"Delgado, Krause and Lopez",Ashleyberg,klinesteven@leach.org
CUST0043,Rodriguez-Summers,New Sandrabury,paul64@thompson-gonzalez.org
CUST0044,Barnett-Mueller,Keithborough,kathryn05@williams.biz
CUST0045,Holland-Walsh,Port Franciscobury,april53@conway.biz
CUST0046,Mccann-Hoffman,Scotthaven,scottkelly@foster.com
CUST0047,Freeman-Rice,South Andrewfort,pricesandra@mckay.net
CUST0048,Miller-Mcguire,Zacharyville,brownholly@nguyen.org
CUST0049,Grant and Sons,Edwardsstad,watsonashley@clark-holder.biz
CUST0050,Moreno-Friedman,New Michelle,john34@pierce.com
CUST0051,Gonzalez LLC,East Tammytown,darren77@shaw.net
CUST0052,Hammond-Guerrero,New Richard,michael60@wright.com
CUST0053,"Ramirez, Marsh and Alvarez",Port Jonathanshire,gwright@mcguire.com
CUST0054,Brown and Sons,Lake Randy,sanchezangelica@graham.biz
CUST0055,"Alexander, Green and Mcbride",Wilkersonstad,keithgreen@schmidt.com
CUST0056,Baker PLC,West Kenneth,christopher79@lowe.com
CUST0057,Clark-Greer,Kennethshire,hoconnor@costa.com
CUST0058,"Bell, Haney and Roberson",Meghanmouth,kelly22@todd.com
CUST0059,Woods Inc,North Carolinebury,campbellstephanie@bryant.com
CUST0060,"Combs, Gibson and Mitchell",Lake Tyler,brian99@clark.com
CUST0061,Orr LLC,New Davidberg,dorisjohnson@smith.com
CUST0062,Garner-Rose,Knightport,brandonaustin@griffith-lang.com
CUST0063,"Good, Stephens and Richardson",Port Nicolasland,leekenneth@taylor.org
CUST0064,"Armstrong, Fletcher and Wilson",South Melanieberg,geoffrey70@mitchell-arias.com
CUST0065,Martin-Hale,West Michelleville,hfisher@daniels-yang.com
CUST0066,Garcia Ltd,West Chelseaborough,acox@pham.com
CUST0067,"Wade, Cruz and White",Michaelhaven,nathaniel92@miller.com
CUST0068,Riddle-Faulkner,Armstrongfurt,larry94@stevens.net
CUST0069,Doyle-Barnes,West Shelly,terryjustin@hudson.org
CUST0070,Kelley-Young,Ariasburgh,frodriguez@wilson-bennett.com
CUST0071,Mann PLC,Kevinfort,billy54@clark.com
CUST0072,"Martin, Thomas and Huerta",Millerview,david77@becker.com
CUST0073,Fletcher-Boone,Nicoleland,greenandre@johnson.org
CUST0074,"Thompson, Anderson and Hopkins",West Alisha,josephreese@garcia-levine.biz
CUST0075,Stephenson-Herring,Hartmanfurt,gallowayreginald@murphy-ray.com
CUST0076,Santiago and Sons,East Alicia,egriffith@king.net
CUST0077,Parker-Reeves,Petersenview,kathrynfrey@schultz.com
CUST0078,Hicks PLC,Kyleville,tgarcia@kelley.com
CUST0079,Hamilton Group,Mollyshire,samantha04@kirby.com
CUST0080,"Dillon, Morton and Wood",East Nicole,sbailey@fitzgerald.com
CUST0081,Collins and Sons,Wilsonshire,hesssean@fox.com
CUST0082,Banks-Hughes,Burkeland,paul13@horton-miller.com
CUST0083,Gonzalez Ltd,South David,jonathanharper@lopez-johnston.com
CUST0084,Davis and Sons,Joshuaberg,bondleah@crawford-ford.info
CUST0085,Willis Inc,Port Elizabethtown,robertlewis@roberson-pham.com
CUST0086,"Mitchell, Stephens and Ford",New Mitchellburgh,walkerjennifer@king.com
CUST0087,Ross Inc,New Meghan,nicholas01@robbins.com
CUST0088,Parker-Lee,Donaldmouth,vsavage@mack-jensen.com
CUST0089,"Parks, Miller and Watson",Coxchester,hayeslee@potter.com
CUST0090,Miller-Decker,Pittmantown,morrisonbreanna@patterson.org
CUST0091,"Castro, Austin and Sparks",North Melissaberg,cheyenne75@jackson.com
CUST0092,Hardin-Mcdonald,Guerraborough,luissmith@smith-macias.com
CUST0093,Parker and Sons,Ramirezview,oyoung@chapman.net
CUST0094,Walker-Morales,South Joseph,kellyjennifer@moore.org
CUST0095,Ellis Group,Fullerland,shelly51@castaneda.com
CUST0096,Ruiz-Davis,Amandabury,patriciamccullough@king.biz
CUST0097,"Jensen, Evans and Fowler",Monicaland,snydercarolyn@turner.biz
CUST0098,Smith-Anthony,Melissastad,anna10@garcia.com
CUST0099,Smith-Copeland,Douglasport,gailsanders@fisher-carney.com
